View,N,Mean AUROC,Gap vs PA
PA,10005,0.9415996407431098,—
AP,6123,0.901921074091905,-4.0%
